{
	"variables": [],
	"info": {
		"name": "2PProgIII",
		"_postman_id": "766d20a1-ea16-07fa-da37-7cc14b0ad9ea",
		"description": "",
		"schema": "https://schema.getpostman.com/json/collection/v2.0.0/collection.json"
	},
	"item": [
		{
			"name": "localhost/Parcial/index.php/usuarios/Alta",
			"request": {
				"url": "localhost/Parcial/index.php/usuarios/Alta",
				"method": "POST",
				"header": [],
				"body": {
					"mode": "formdata",
					"formdata": [
						{
							"key": "jsonDatos",
							"value": "{\n  \"correo\": \"prueba@prueba.com\",\n  \"clave\": \"123456\",\n  \"nombre\": \"prueba\",\n  \"apellido\": \"prueba\",\n  \"perfil\": \"Encargado\",\n  \"foto\" : \"\"\n}",
							"description": "",
							"type": "text"
						}
					]
				},
				"description": ""
			},
			"response": []
		},
		{
			"name": "localhost/Parcial/index.php/Listado",
			"request": {
				"url": "localhost/Parcial/index.php/Listado",
				"method": "GET",
				"header": [],
				"body": {},
				"description": ""
			},
			"response": []
		},
		{
			"name": "localhost/Parcial/index.php/Alta",
			"request": {
				"url": "localhost/Parcial/index.php/Alta",
				"method": "POST",
				"header": [],
				"body": {
					"mode": "formdata",
					"formdata": [
						{
							"key": "jsonDatos",
							"value": "{\n  \"color\": \"rojo\",\n  \"marca\": \"mitsubishi\",\n  \"modelo\": \"lancer\",\n  \"precio\": \"50000\"\n}",
							"description": "",
							"type": "text"
						}
					]
				},
				"description": ""
			},
			"response": []
		},
		{
			"name": "localhost/Parcial/index.php/autos/Listado",
			"request": {
				"url": "localhost/Parcial/index.php/autos/Listado",
				"method": "GET",
				"header": [],
				"body": {},
				"description": ""
			},
			"response": []
		},
		{
			"name": "localhost/Parcial/index.php/login/",
			"request": {
				"url": "localhost/Parcial/index.php/login/",
				"method": "POST",
				"header": [],
				"body": {
					"mode": "formdata",
					"formdata": [
						{
							"key": "jsonDatos",
							"value": "{\n  \"correo\": \"prueba@prueba.com\",\n   \"clave\": \"123456\"\n}",
							"description": "",
							"type": "text"
						}
					]
				},
				"description": ""
			},
			"response": []
		},
		{
			"name": "localhost/Parcial/index.php/login/",
			"request": {
				"url": "localhost/Parcial/index.php/login/",
				"method": "GET",
				"header": [
					{
						"key": "jwt",
						"value": "eyJ0eXAiOiJKV1QiLCJhbGciOiJIUzI1NiJ9.eyJjb3JyZW8iOiJwcnVlYmFAcHJ1ZWJhLmNvbSIsImNsYXZlIjoiMTIzNDU2Iiwibm9tYnJlIjoicHJ1ZWJhIiwiYXBlbGxpZG8iOiJwcnVlYmEiLCJwZXJmaWwiOiJFbmNhcmdhZG8iLCJmb3RvIjoiLlwvZm90b3NcLzE1MzcyOC4ifQ.zme2fKEp77_Oe11DTQjrQJQ2AcKh_2T0xOxTQDgQ1Qk",
						"description": ""
					}
				],
				"body": {},
				"description": ""
			},
			"response": []
		},
		{
			"name": "localhost/Parcial/index.php/Eliminar",
			"request": {
				"url": "localhost/Parcial/index.php/Eliminar",
				"method": "DELETE",
				"header": [
					{
						"key": "Content-Type",
						"value": "application/x-www-form-urlencoded",
						"description": ""
					}
				],
				"body": {
					"mode": "urlencoded",
					"urlencoded": [
						{
							"key": "id",
							"value": "3",
							"description": "",
							"type": "text"
						},
						{
							"key": "jwt",
							"value": "eyJ0eXAiOiJKV1QiLCJhbGciOiJIUzI1NiJ9.eyJjb3JyZW8iOiJlbmNhcmdhZG9AZW5jYXJnYWRvLmNvbS5hciIsImNsYXZlIjoiMTIzNDU2Iiwibm9tYnJlIjoiZW5jYXJnYWRvIiwiYXBlbGxpZG8iOiJnb256YWxleiIsInBlcmZpbCI6ImVuY2FyZ2FkbyIsImZvdG8iOiIiLCJleHAiOjE1NjMxNzI0NDh9.vzY2BFYuaMavDPfE56uHkSNYOjb6vBX6FfhYrmjjswY",
							"description": "",
							"type": "text"
						}
					]
				},
				"description": ""
			},
			"response": []
		},
		{
			"name": "localhost/Parcial/index.php/Modificar",
			"request": {
				"url": "localhost/Parcial/index.php/Modificar",
				"method": "PUT",
				"header": [
					{
						"key": "Content-Type",
						"value": "application/x-www-form-urlencoded",
						"description": ""
					}
				],
				"body": {
					"mode": "urlencoded",
					"urlencoded": [
						{
							"key": "jsonDatos",
							"value": "{\n  \"id\":\"5\",\n  \"color\": \"verde\",\n  \"marca\": \"mitsubishi\",\n  \"modelo\": \"lancer\",\n  \"precio\": \"60000\"\n}",
							"description": "",
							"type": "text"
						},
						{
							"key": "jwt",
							"value": "eyJ0eXAiOiJKV1QiLCJhbGciOiJIUzI1NiJ9.eyJjb3JyZW8iOiJlbmNhcmdhZG9AZW5jYXJnYWRvLmNvbS5hciIsImNsYXZlIjoiMTIzNDU2Iiwibm9tYnJlIjoiZW5jYXJnYWRvIiwiYXBlbGxpZG8iOiJnb256YWxleiIsInBlcmZpbCI6ImVuY2FyZ2FkbyIsImZvdG8iOiIiLCJleHAiOjE1NjMxNzM3NjN9.fhKHy5gInczmwdgbTyzn8Y7LS_xuLczcFnZXF3Ma_T4",
							"description": "",
							"type": "text"
						}
					]
				},
				"description": ""
			},
			"response": []
		}
	]
}